<?xml version="1.0" encoding="UTF-8"?><metadata>
    <idinfo>
        <citation>
            <citeinfo>
                <origin/>
                <pubdate>20220616</pubdate>
                <title>Single Member District from 2023</title>
                <geoform>vector digital data</geoform>
                <onlink>https://maps2.dcgis.dc.gov/dcgis/rest/services/DCGIS_DATA/Administrative_Other_Boundaries_WebMercator/MapServer/55</onlink>
            </citeinfo>
        </citation>
        <descript>
            <abstract>Single Member District (SMDs) were created pursuant to legislation approving the District of Columbia's Home Rule charter in 1973. These neighborhood groups provide the District electorate with grass-roots experience in the electoral process. SMDs are based on the 2020 Census of the District's population, with each SMD having approximately 2,000 residents. Representatives elected to each Single Member District sit as Advisory Neighborhood Commissioners.This dataset reflects the SMD boundaries delineated in the Advisory Neighborhood Commission Boundaries Act of 2022, signed into law on June 16, 2022. They are in effect beginning January 1, 2023.</abstract>
            <purpose>Single Member District boundaries effective January 1, 2023.</purpose>
        </descript>
        <timeperd>
            <timeinfo>
                <rngdates>
                    <begdate>20230101</begdate>
                </rngdates>
            </timeinfo>
            <current>Signed into law on June 14, 2022.</current>
        </timeperd>
        <status>
            <progress>Complete</progress>
            <update>As needed</update>
        </status>
        <spdom>
            <bounding>
                <westbc>-77.13</westbc>
                <eastbc>-76.9</eastbc>
                <northbc>39.01</northbc>
                <southbc>38.78</southbc>
            </bounding>
        </spdom>
        <keywords>
            <theme>
                <themekt>ISO 19115 Topic Categories</themekt>
                <themekey>boundaries</themekey>
            </theme>
            <place>
                <placekt>None</placekt>
                <placekey>District of Columbia</placekey>
                <placekey>Washington DC</placekey>
            </place>
        </keywords>
        <accconst>None</accconst>
        <useconst>This work is licensed under a Creative Commons Attribution 4.0 International License.</useconst>
        <ptcontac>
            <cntinfo>
                <cntorgp>
                    <cntorg>Office of Planning</cntorg>
                </cntorgp>
                <cntaddr>
                    <addrtype>mailing and physical</addrtype>
                    <address>1100 4th Street, SW, Suite 650 East</address>
                    <city>Washington</city>
                    <state>DC</state>
                    <postal>20024</postal>
                    <country>US</country>
                </cntaddr>
                <cntvoice>(202) 442-7600</cntvoice>
                <cntfax>(202) 442-7638</cntfax>
                <cntemail>oancs@dc.gov</cntemail>
                <hours>8:30 am - 5:00 pm</hours>
            </cntinfo>
        </ptcontac>
        <ptcontac>
            <cntinfo>
                <cntorgp>
                    <cntorg>Office of the Chief Technology Officer</cntorg>
                </cntorgp>
                <cntpos>GIS Data Coordinator</cntpos>
                <cntaddr>
                    <addrtype>mailing and physical</addrtype>
                    <address>200 I Street SE, 5th Floor</address>
                    <city>Washington</city>
                    <state>DC</state>
                    <postal>20003</postal>
                </cntaddr>
                <cntvoice>(202) 727-2277</cntvoice>
                <cntfax>(202) 727-6857</cntfax>
                <cntemail>dcgis@dc.gov</cntemail>
                <hours>8:30 am - 5:00 pm</hours>
            </cntinfo>
        </ptcontac>
        <ptcontac>
            <cntinfo>
                <cntorgp>
                    <cntorg>Office of the Chief Technology Officer</cntorg>
                </cntorgp>
                <cntpos>GIS Data Coordinator</cntpos>
                <cntaddr>
                    <addrtype>mailing and physical</addrtype>
                    <address>200 I Street SE, 5th Floor</address>
                    <city>Washington</city>
                    <state>DC</state>
                    <postal>20003</postal>
                </cntaddr>
                <cntvoice>(202) 727-2277</cntvoice>
                <cntfax>(202) 727-6857</cntfax>
                <cntemail>dcgis@dc.gov</cntemail>
                <hours>8:30 am - 5:00 pm</hours>
            </cntinfo>
        </ptcontac>
        <datacred>Office of Planning</datacred>
        <native>Esri ArcGIS 13.2.0.49743</native>
    </idinfo>
    <dataqual>
        <lineage>
            <procstep>
                <procdesc>Update commissioners names.</procdesc>
                <procdate>20230406</procdate>
            </procstep>
            <procstep>
                <procdesc>Updated commissioners names.</procdesc>
                <procdate>20230414</procdate>
            </procstep>
            <procstep>
                <procdesc>Updated Representative Names</procdesc>
                <procdate>20230519</procdate>
            </procstep>
            <procstep>
                <procdesc>Updated commissioner information, adding some newly elected commissioners and removing some due to resignations.</procdesc>
                <procdate>20230630</procdate>
            </procstep>
            <procstep>
                <procdesc>Updated commissioner information, adding a newly elected commissioner and removing some due to resignations.</procdesc>
                <procdate>20240319</procdate>
            </procstep>
            <procstep>
                <procdesc>Updated commissioner information, adding newly elected commissioners and removing some due to resignations.</procdesc>
                <procdate>20240510</procdate>
                <proccont>
                    <cntinfo>
                        <cntorgp>
                            <cntorg>Office of the Chief Technology Officer</cntorg>
                        </cntorgp>
                        <cntpos>GIS Data Coordinator</cntpos>
                        <cntaddr>
                            <addrtype>mailing and physical</addrtype>
                            <address>200 I Street SE, 5th Floor</address>
                            <city>Washington</city>
                            <state>DC</state>
                            <postal>20003</postal>
                            <country>US</country>
                        </cntaddr>
                        <cntvoice>(202) 727-2277</cntvoice>
                        <cntfax>(202) 727-5660</cntfax>
                        <cntemail>dcgis@dc.gov</cntemail>
                        <hours>8:30 am - 5 pm</hours>
                    </cntinfo>
                </proccont>
            </procstep>
            <procstep>
                <procdesc>Updated commissioner information</procdesc>
                <procdate>20240712</procdate>
            </procstep>
            <procstep>
                <procdesc>Updated commissioner information</procdesc>
                <procdate>20241011</procdate>
            </procstep>
            <procstep>
                <procdesc>updated representative names</procdesc>
                <procdate>20250515</procdate>
            </procstep>
            <procstep>
                <procdesc>updated representative names</procdesc>
                <procdate>20250822</procdate>
            </procstep>
            <procstep>
                <procdesc>Updated new vacancies for SMD 7D06, 5E03, 4B05, 2B09</procdesc>
                <procdate>20250912</procdate>
                <proccont>
                    <cntinfo>
                        <cntorgp>
                            <cntorg>Office of the Chief Technology Officer</cntorg>
                        </cntorgp>
                        <cntpos>GIS Data Coordinator</cntpos>
                        <cntaddr>
                            <addrtype>mailing and physical</addrtype>
                            <address>200 I Street SE</address>
                            <city>Washington</city>
                            <state>DC</state>
                            <postal>20003</postal>
                            <country>US</country>
                        </cntaddr>
                        <cntvoice>(202) 727-2277</cntvoice>
                        <cntemail>dcgis@dc.gov</cntemail>
                        <hours>8:30 am - 5 pm</hours>
                    </cntinfo>
                </proccont>
            </procstep>
            <procstep>
                <procdesc>Updated Newly Elected and one new vacancy</procdesc>
                <procdate>20250930</procdate>
            </procstep>
            <procstep>
                <procdesc>Edits to new members and vacancies for SMDs 2B09, 3C05, 4B05, 6A02, 8D04, 8D05, 8E04, 8F05.</procdesc>
                <procdate>20251124</procdate>
                <proccont>
                    <cntinfo>
                        <cntorgp>
                            <cntorg>Office of the Chief Technology Officer</cntorg>
                        </cntorgp>
                        <cntpos>GIS Data Coordinator</cntpos>
                        <cntaddr>
                            <addrtype>mailing and physical</addrtype>
                            <address>200 I Street SE, 5th Floor</address>
                            <city>Washington</city>
                            <state>DC</state>
                            <postal>20003</postal>
                        </cntaddr>
                        <cntvoice>(202) 727-2277</cntvoice>
                        <cntfax>(202) 727-6857</cntfax>
                        <cntemail>dcgis@dc.gov</cntemail>
                        <hours>8:30 am - 5:00 pm</hours>
                    </cntinfo>
                </proccont>
            </procstep>
        </lineage>
    </dataqual>
    <spdoinfo>
        <direct>Vector</direct>
        <ptvctinf>
            <sdtsterm>
                <sdtstype>GT-polygon composed of chains</sdtstype>
                <ptvctcnt>345</ptvctcnt>
            </sdtsterm>
        </ptvctinf>
    </spdoinfo>
    <eainfo>
        <detailed>
            <enttyp>
                <enttypl>SMDPly</enttypl>
                <enttypd>2023 Single Member District boundaries and information about advisory neighborhood commissioners.</enttypd>
                <enttypds>OCTO</enttypds>
            </enttyp>
            <attr>
                <attrlabl>OBJECTID</attrlabl>
                <attrdef>Internal feature number.</attrdef>
                <attrdefs>Esri</attrdefs>
                <attrdomv>
                                        
                    <udom>Sequential unique whole numbers that are automatically generated.</udom>
                                    
                </attrdomv>
            </attr>
            <attr>
                <attrlabl>SHAPE</attrlabl>
                <attrdef>Feature geometry.</attrdef>
                <attrdefs>Esri</attrdefs>
                <attrdomv>
                                        
                    <udom>Coordinates defining the features.</udom>
                                    
                </attrdomv>
            </attr>
            <attr>
                <attrlabl>SMD_ID</attrlabl>
                <attrdef>The Single Member District number.</attrdef>
                <attrdefs>OCTO</attrdefs>
            </attr>
            <attr>
                <attrlabl>ANC_ID</attrlabl>
                <attrdef>The name of the Advisory Neighborhood Commission in which the SMD is located.</attrdef>
                <attrdefs>OCTO</attrdefs>
            </attr>
            <attr>
                <attrlabl>NAME</attrlabl>
                <attrdef>The Single Member District number with "SMD" appended to the beginning.</attrdef>
                <attrdefs>OCTO</attrdefs>
            </attr>
            <attr>
                <attrlabl>WEB_URL</attrlabl>
                <attrdef>URL for the Advisory Neighborhood Commission the SMD is located in.</attrdef>
                <attrdefs>OCTO</attrdefs>
            </attr>
            <attr>
                <attrlabl>REP_NAME</attrlabl>
                <attrdef>Name of the Single Member District representative.</attrdef>
                <attrdefs>OCTO</attrdefs>
            </attr>
            <attr>
                <attrlabl>LAST_NAME</attrlabl>
                <attrdef>The Single Member District representative's last name.</attrdef>
                <attrdefs>OCTO</attrdefs>
            </attr>
            <attr>
                <attrlabl>FIRST_NAME</attrlabl>
                <attrdef>The Single Member District representative's first name.</attrdef>
                <attrdefs>OCTO</attrdefs>
            </attr>
            <attr>
                <attrlabl>MIDDLE_NAME</attrlabl>
                <attrdef>The Single Member District representative's middle name.</attrdef>
                <attrdefs>OCTO</attrdefs>
            </attr>
            <attr>
                <attrlabl>SF</attrlabl>
                <attrdef>Commissioner's name suffix (if applicable).</attrdef>
                <attrdefs>OCTO</attrdefs>
            </attr>
            <attr>
                <attrlabl>APT</attrlabl>
                <attrdef>Commissioner's home address apartment number (if applicable).</attrdef>
                <attrdefs>OCTO</attrdefs>
            </attr>
            <attr>
                <attrlabl>ADDRESS</attrlabl>
                <attrdef>The commissioner's mailing address.</attrdef>
                <attrdefs>OCTO</attrdefs>
            </attr>
            <attr>
                <attrlabl>EMAIL</attrlabl>
                <attrdef>The commissioner's email address.</attrdef>
                <attrdefs>OCTO</attrdefs>
            </attr>
            <attr>
                <attrlabl>ZIPCODE</attrlabl>
                <attrdef>The ZIP Code part of the commissioner's home address.</attrdef>
                <attrdefs>OCTO</attrdefs>
            </attr>
            <attr>
                <attrlabl>SE_ANNO_CAD_DATA</attrlabl>
            </attr>
            <attr>
                <attrlabl>GLOBALID</attrlabl>
            </attr>
            <attr>
                <attrlabl>CREATOR</attrlabl>
                <attrdef>The name of the person who first created this record.</attrdef>
                <attrdefs>OCTO</attrdefs>
            </attr>
            <attr>
                <attrlabl>CREATED</attrlabl>
                <attrdef>The date that the record was first created.</attrdef>
                <attrdefs>OCTO</attrdefs>
            </attr>
            <attr>
                <attrlabl>EDITOR</attrlabl>
                <attrdef>The person who performed the most recent edit.</attrdef>
                <attrdefs>OCTO</attrdefs>
            </attr>
            <attr>
                <attrlabl>EDITED</attrlabl>
                <attrdef>The most recent date that the record was edited.</attrdef>
                <attrdefs>OCTO</attrdefs>
            </attr>
            <attr>
                <attrlabl>SHAPE.AREA</attrlabl>
                <attrdef>Auto-generated area value.</attrdef>
                <attrdefs>OCTO</attrdefs>
            </attr>
            <attr>
                <attrlabl>SHAPE.LEN</attrlabl>
                <attrdef>Auto-generated length value.</attrdef>
                <attrdefs>OCTO</attrdefs>
            </attr>
        </detailed>
    </eainfo>
    <distinfo>
        <distrib>
            <cntinfo>
                <cntorgp>
                    <cntorg>Office of the Chief Technology Officer</cntorg>
                </cntorgp>
                <cntpos>GIS Data Coordinator</cntpos>
                <cntaddr>
                    <addrtype>mailing and physical</addrtype>
                    <address>200 I Street SE, 5th Floor</address>
                    <city>Washington</city>
                    <state>DC</state>
                    <postal>20003</postal>
                </cntaddr>
                <cntvoice>(202) 727-2277</cntvoice>
                <cntfax>(202) 727-6857</cntfax>
                <cntemail>dcgis@dc.gov</cntemail>
                <hours>8:30 am - 5:00 pm</hours>
            </cntinfo>
        </distrib>
        <distliab>See access and use constraints information.</distliab>
        <custom>DC datasets can be downloaded from "https://opendata.dc.gov".</custom>
    </distinfo>
    <metainfo>
        <metd>20251124</metd>
        <metc>
            <cntinfo>
                <cntorgp>
                    <cntorg>Office of the Chief Technology Officer</cntorg>
                </cntorgp>
                <cntpos>GIS Data Coordinator</cntpos>
                <cntaddr>
                    <addrtype>mailing and physical</addrtype>
                    <address>200 I Street SE, 5th Floor</address>
                    <city>Washington</city>
                    <state>DC</state>
                    <postal>20003</postal>
                </cntaddr>
                <cntvoice>(202) 727-2277</cntvoice>
                <cntfax>(202) 727-6857</cntfax>
                <cntemail>dcgis@dc.gov</cntemail>
                <hours>8:30 am - 5:00 pm</hours>
            </cntinfo>
        </metc>
        <metstdn>FGDC Content Standard for Digital Geospatial Metadata</metstdn>
        <metstdv>FGDC-STD-001-1998</metstdv>
        <mettc>local time</mettc>
    </metainfo>
</metadata>
