<?xml version="1.0" encoding="UTF-8"?><metadata>
    <idinfo>
        <citation>
            <citeinfo>
                <origin/>
                <pubdate>20220616</pubdate>
                <title>Advisory Neighborhood Commissions from 2023</title>
                <geoform>vector digital data</geoform>
            </citeinfo>
        </citation>
        <descript>
            <abstract>Advisory Neighborhood Commissions (ANCs) were created pursuant to legislation approving the District of Columbia's Home Rule charter in 1973. They are collections of Single Member Districts (SMDs). ANCs allow input from an advisory board made up of the residents of the neighborhoods directly affected by government action. The ANCs are the body of government with the closest official ties to the people in a neighborhood. ANCs present their positions and recommendations on issues to various District government agencies, the Executive Branch, and the Council. They also present testimony to independent agencies, boards and commissions, usually under rules of procedure specific to those entities. By law, the ANCs may also present their positions to Federal agencies. ANCs consider a wide range of policies and programs affecting their neighborhoods. These include traffic, parking, recreation, street improvements, liquor licenses, zoning, economic development, police protection, sanitation and trash collection, and the District's annual budget. No public policy area is excluded from the purview of the Advisory Neighborhood Commissions. ANCs present their positions and recommendations on issues to various District government agencies, the Executive Branch, and the Council. They also present testimony to independent agencies, boards and commissions, usually under rules of procedure specific to those entities. By law, the ANCs may also present their positions to Federal agencies.This dataset reflects the ANC boundaries delineated in the Advisory Neighborhood Commission Boundaries Act of 2022, signed into law on June 16, 2022. They are in effect beginning January 1, 2023.</abstract>
            <purpose>Advisory Neighborhood Commission boundaries effective January 1, 2023.</purpose>
        </descript>
        <timeperd>
            <timeinfo>
                <rngdates>
                    <begdate>20230101</begdate>
                </rngdates>
            </timeinfo>
            <current>Signed into law on June 14, 2022.</current>
        </timeperd>
        <status>
            <progress>Complete</progress>
            <update>None planned</update>
        </status>
        <spdom>
            <bounding>
                <westbc>-77.12999999999869</westbc>
                <eastbc>-76.8999999999987</eastbc>
                <northbc>39.00999999999933</northbc>
                <southbc>38.77999999999934</southbc>
            </bounding>
        </spdom>
        <keywords>
            <theme>
                <themekt>ISO 19115 Topic Categories</themekt>
                <themekey>boundaries</themekey>
            </theme>
            <place>
                <placekt>None</placekt>
                <placekey>District of Columbia</placekey>
                <placekey>Washington DC</placekey>
            </place>
        </keywords>
        <accconst>Other Constraints</accconst>
        <useconst>This work is licensed under a Creative Commons Attribution 4.0 International License.</useconst>
        <ptcontac>
            <cntinfo>
                <cntorgp>
                    <cntorg>D.C. Office of the Chief Technology Officer</cntorg>
                    <cntper>GIS Data Coordinator</cntper>
                </cntorgp>
                <cntpos>GIS Data Coordinator</cntpos>
                <cntaddr>
                    <addrtype>mailing and physical</addrtype>
                    <address>200 I Street SE, 5th Floor</address>
                    <city>Washington</city>
                    <state>DC</state>
                    <postal>20003</postal>
                </cntaddr>
                <cntvoice>(202) 727-2277</cntvoice>
                <cntfax>(202) 727-5660</cntfax>
                <cntemail>dcgis@dc.gov</cntemail>
                <hours>8:30 am - 5:00 pm</hours>
            </cntinfo>
        </ptcontac>
        <datacred>Office of Planning - https://planning.dc.gov/</datacred>
        <native>Version 6.2 (Build 9200) ; Esri ArcGIS 10.8.0.12790</native>
    </idinfo>
    <spdoinfo>
        <direct>Vector</direct>
        <ptvctinf>
            <sdtsterm>
                <sdtstype>GT-polygon composed of chains</sdtstype>
                <ptvctcnt>46</ptvctcnt>
            </sdtsterm>
        </ptvctinf>
    </spdoinfo>
    <eainfo>
        <detailed>
            <enttyp>
                <enttypl>ANC2023</enttypl>
                <enttypd>2023 Advisory Neighborhood Commission boundaries.</enttypd>
                <enttypds>DC OCTO</enttypds>
            </enttyp>
            <attr>
                <attrlabl>OBJECTID</attrlabl>
                <attrdef>Internal feature number.</attrdef>
                <attrdefs>Esri</attrdefs>
                <attrdomv>
                                        					
                    
                    <udom>Sequential unique whole numbers that are automatically generated.</udom>
                                        				
                
                </attrdomv>
            </attr>
            <attr>
                <attrlabl>SHAPE</attrlabl>
                <attrdef>Feature geometry.</attrdef>
                <attrdefs>Esri</attrdefs>
                <attrdomv>
                                        					
                    
                    <udom>Coordinates defining the features.</udom>
                                        				
                
                </attrdomv>
            </attr>
            <attr>
                <attrlabl>ANC_ID</attrlabl>
                <attrdef>The name of the Advisory Neighborhood Commission.</attrdef>
                <attrdefs>DC OCTO</attrdefs>
            </attr>
            <attr>
                <attrlabl>SHAPE_Length</attrlabl>
                <attrdef>Length of feature in internal units.</attrdef>
                <attrdefs>Esri</attrdefs>
                <attrdomv>
                                        					
                    
                    <udom>Positive real numbers that are automatically generated.</udom>
                                        				
                
                </attrdomv>
            </attr>
            <attr>
                <attrlabl>SHAPE_Area</attrlabl>
                <attrdef>Area of feature in internal units squared.</attrdef>
                <attrdefs>Esri</attrdefs>
                <attrdomv>
                                        					
                    
                    <udom>Positive real numbers that are automatically generated.</udom>
                                        				
                
                </attrdomv>
            </attr>
        </detailed>
    </eainfo>
    <distinfo>
        <distrib>
            <cntinfo>
                <cntorgp>
                    <cntorg>D.C. Office of the Chief Technology Officer</cntorg>
                    <cntper>GIS Data Coordinator</cntper>
                </cntorgp>
                <cntpos>GIS Data Coordinator</cntpos>
                <cntaddr>
                    <addrtype>mailing and physical</addrtype>
                    <address>200 I Street SE, 5th Floor</address>
                    <city>Washington</city>
                    <state>DC</state>
                    <postal>20003</postal>
                </cntaddr>
                <cntvoice>(202) 727-2277</cntvoice>
                <cntfax>(202) 727-5660</cntfax>
                <cntemail>dcgis@dc.gov</cntemail>
                <hours>8:30 am - 5:00 pm</hours>
            </cntinfo>
        </distrib>
        <distliab>See access and use constraints information.</distliab>
        <custom>DC datasets can be downloaded from "https://opendata.dc.gov".</custom>
    </distinfo>
    <metainfo>
        <metd>20220616</metd>
        <metc>
            <cntinfo>
                <cntorgp>
                    <cntorg>D.C. Office of the Chief Technology Officer</cntorg>
                    <cntper>GIS Data Coordinator</cntper>
                </cntorgp>
                <cntpos>GIS Data Coordinator</cntpos>
                <cntaddr>
                    <addrtype>mailing and physical</addrtype>
                    <address>200 I Street SE, 5th Floor</address>
                    <city>Washington</city>
                    <state>DC</state>
                    <postal>20003</postal>
                </cntaddr>
                <cntvoice>(202) 727-2277</cntvoice>
                <cntfax>(202) 727-5660</cntfax>
                <cntemail>dcgis@dc.gov</cntemail>
                <hours>8:30 am - 5:00 pm</hours>
            </cntinfo>
        </metc>
        <metstdn>FGDC Content Standard for Digital Geospatial Metadata</metstdn>
        <metstdv>FGDC-STD-001-1998</metstdv>
        <mettc>local time</mettc>
    </metainfo>
</metadata>
